{"cameraMode":{"drawMode":0,"name":"Shaded","section":"Shading Mode"},"sceneLighting":true,"audioPlay":false,"sceneViewState":{"showFog":true,"showMaterialUpdate":false,"showSkybox":true,"showFlares":true,"showImageEffects":true,"showParticleSystems":true},"in2DMode":false,"pivot":{"x":7.438113212585449,"y":-11.918352127075196,"z":33.813472747802737},"rotation":{"x":-0.20191574096679688,"y":0.09590316563844681,"z":-0.019871192052960397,"w":-0.9744940996170044},"size":154.16221618652345,"orthographic":false}